{"cameraMode":{"drawMode":0,"name":"Shaded","section":"Shading Mode"},"sceneLighting":true,"audioPlay":false,"sceneViewState":{"showFog":false,"showMaterialUpdate":false,"showSkybox":false,"showFlares":true,"showImageEffects":true,"showParticleSystems":true},"in2DMode":false,"pivot":{"x":-0.9938718676567078,"y":1.2418034076690674,"z":3.873908042907715},"rotation":{"x":0.1688385307788849,"y":0.6156554818153381,"z":-0.1372198611497879,"w":0.7574406266212463},"size":6.855264186859131,"orthographic":false}