{"cameraMode":{"drawMode":0,"name":"Shaded","section":"Shading Mode"},"sceneLighting":true,"audioPlay":false,"sceneViewState":{"showFog":false,"showMaterialUpdate":false,"showSkybox":false,"showFlares":true,"showImageEffects":true,"showParticleSystems":true},"in2DMode":false,"pivot":{"x":0.8471243381500244,"y":0.4974628686904907,"z":-1.3649835586547852},"rotation":{"x":0.024057617411017419,"y":0.9723387956619263,"z":-0.20147095620632173,"w":0.11605343967676163},"size":4.041658401489258,"orthographic":false}